{
	"NormalColors": [
		[
			0.352946937084198,
			0.7259762287139893,
			1.0
		],
		[
			0.352946937084198,
			0.9086735248565674,
			1.0
		],
		[
			0.352946937084198,
			1.0,
			0.9314661026000977
		],
		[
			0.0,
			1.0,
			0.15316200256347656
		],
		[
			0.0,
			1.0,
			0.15316200256347656
		],
		[
			0.0,
			1.0,
			0.15316200256347656
		],
		[
			0.0,
			0.0,
			0.0
		]
	],
	"my_pallete": [
		[
			0.7372549176216125,
			0.21568629145622253,
			0.12156863510608673
		],
		[
			0.7372549176216125,
			0.21568629145622253,
			0.12156863510608673
		],
		[
			0.0,
			0.0,
			0.0
		],
		[
			0.7372549176216125,
			0.21568629145622253,
			0.12156863510608673
		],
		[
			0.0,
			0.0,
			0.0
		],
		[
			0.7372549176216125,
			0.21568629145622253,
			0.12156863510608673
		],
		[
			0.7372549176216125,
			0.21568629145622253,
			0.12156863510608673
		],
		[
			0.7372549176216125,
			0.21568629145622253,
			0.12156863510608673
		],
		[
			0.7372549176216125,
			0.21568629145622253,
			0.12156863510608673
		]
	],
	"BPainter_Default_Palette": [
		[
			0.01568627543747425,
			0.0,
			0.250980406999588
		],
		[
			0.0313725508749485,
			0.11372549831867218,
			0.4235294461250305
		],
		[
			0.04313725605607033,
			0.14901961386203766,
			0.4705882668495178
		],
		[
			0.08235294371843338,
			0.2666666805744171,
			0.5921568870544434
		],
		[
			0.1411764770746231,
			0.45098042488098145,
			0.7215686440467834
		],
		[
			0.22745099663734436,
			0.7176470756530762,
			0.8509804606437683
		],
		[
			0.3490196168422699,
			0.8274510502815247,
			0.9411765336990356
		],
		[
			0.44705885648727417,
			0.917647123336792,
			0.9647059440612793
		],
		[
			0.6000000238418579,
			1.0,
			0.9803922176361084
		],
		[
			0.658823549747467,
			1.0,
			0.9529412388801575
		],
		[
			0.7764706611633301,
			1.0,
			0.9725490808486938
		],
		[
			0.24705883860588074,
			0.0,
			0.2352941334247589
		],
		[
			0.30980393290519714,
			0.007843137718737125,
			0.24313727021217346
		],
		[
			0.4549019932746887,
			0.019607843831181526,
			0.27843138575553894
		],
		[
			0.5607843399047852,
			0.03529411926865578,
			0.3176470696926117
		],
		[
			0.7411764860153198,
			0.07058823853731155,
			0.4274510145187378
		],
		[
			0.9019608497619629,
			0.1764705926179886,
			0.4549019932746887
		],
		[
			0.9686275124549866,
			0.2980392277240753,
			0.4901961088180542
		],
		[
			1.0,
			0.46666669845581055,
			0.5921568870544434
		],
		[
			1.0,
			0.5960784554481506,
			0.6352941393852234
		],
		[
			1.0,
			0.7411764860153198,
			0.7490196228027344
		],
		[
			1.0,
			0.8352941870689392,
			0.8352941870689392
		],
		[
			0.33725491166114807,
			0.003921568859368563,
			0.003921568859368563
		],
		[
			0.5098039507865906,
			0.03921568766236305,
			0.03921568766236305
		],
		[
			0.6117647290229797,
			0.11372549831867218,
			0.08235294371843338
		],
		[
			0.7372549176216125,
			0.21568629145622253,
			0.12156863510608673
		],
		[
			0.8588235974311829,
			0.34117648005485535,
			0.18039216101169586
		],
		[
			0.9529412388801575,
			0.46666669845581055,
			0.2196078598499298
		],
		[
			0.9764706492424011,
			0.529411792755127,
			0.20000001788139343
		],
		[
			1.0,
			0.658823549747467,
			0.18431372940540314
		],
		[
			1.0,
			0.8235294818878174,
			0.2352941334247589
		],
		[
			1.0,
			0.9254902601242065,
			0.2666666805744171
		],
		[
			1.0,
			0.9764706492424011,
			0.5176470875740051
		],
		[
			0.0,
			0.16470588743686676,
			0.003921568859368563
		],
		[
			0.0941176563501358,
			0.2392157018184662,
			0.0
		],
		[
			0.16470588743686676,
			0.2980392277240753,
			0.007843137718737125
		],
		[
			0.250980406999588,
			0.3960784673690796,
			0.03921568766236305
		],
		[
			0.3686274588108063,
			0.5333333611488342,
			0.0784313753247261
		],
		[
			0.4431372880935669,
			0.6274510025978088,
			0.11764706671237946
		],
		[
			0.5176470875740051,
			0.6784313917160034,
			0.12156863510608673
		],
		[
			0.7019608020782471,
			0.8509804606437683,
			0.21176472306251526
		],
		[
			0.8627451658248901,
			0.960784375667572,
			0.30980393290519714
		],
		[
			0.9450981020927429,
			1.0,
			0.458823561668396
		],
		[
			0.9647059440612793,
			1.0,
			0.6235294342041016
		],
		[
			0.0,
			0.1568627506494522,
			0.12156863510608673
		],
		[
			0.011764707043766975,
			0.2862745225429535,
			0.19215688109397888
		],
		[
			0.027450982481241226,
			0.43137258291244507,
			0.2549019753932953
		],
		[
			0.0470588281750679,
			0.545098066329956,
			0.29019609093666077
		],
		[
			0.12156863510608673,
			0.7372549176216125,
			0.33725491166114807
		],
		[
			0.21568629145622253,
			0.8313726186752319,
			0.3490196168422699
		],
		[
			0.40392160415649414,
			0.917647123336792,
			0.40000003576278687
		],
		[
			0.5647059082984924,
			0.9568628072738647,
			0.49803924560546875
		],
		[
			0.6627451181411743,
			0.9843137860298157,
			0.572549045085907
		],
		[
			0.7490196228027344,
			0.9843137860298157,
			0.6823529601097107
		],
		[
			0.8000000715255737,
			0.9921569228172302,
			0.7411764860153198
		],
		[
			0.22745099663734436,
			0.14901961386203766,
			0.11372549831867218
		],
		[
			0.29019609093666077,
			0.1764705926179886,
			0.1411764770746231
		],
		[
			0.38823533058166504,
			0.24705883860588074,
			0.19215688109397888
		],
		[
			0.5843137502670288,
			0.40392160415649414,
			0.30980393290519714
		],
		[
			0.658823549747467,
			0.4784314036369324,
			0.364705890417099
		],
		[
			0.7372549176216125,
			0.5647059082984924,
			0.4235294461250305
		],
		[
			0.8431373238563538,
			0.7019608020782471,
			0.545098066329956
		],
		[
			0.847058892250061,
			0.7098039388656616,
			0.5529412031173706
		],
		[
			0.9333333969116211,
			0.8392157554626465,
			0.7019608020782471
		],
		[
			0.9764706492424011,
			0.9098039865493774,
			0.8078432083129883
		],
		[
			1.0,
			0.9490196704864502,
			0.8705883026123047
		],
		[
			0.0,
			0.0,
			0.0
		],
		[
			0.18661417067050934,
			0.18661417067050934,
			0.18661417067050934
		],
		[
			0.3266150951385498,
			0.3266150951385498,
			0.3266150951385498
		],
		[
			0.4399491548538208,
			0.4399491548538208,
			0.4399491548538208
		],
		[
			0.5466164946556091,
			0.5466164946556091,
			0.5466164946556091
		],
		[
			0.6599506139755249,
			0.6599506139755249,
			0.6599506139755249
		],
		[
			0.7532845139503479,
			0.7532845139503479,
			0.7532845139503479
		],
		[
			0.8466184735298157,
			0.8466184735298157,
			0.8466184735298157
		],
		[
			0.9066188335418701,
			0.9066188335418701,
			0.9066188335418701
		],
		[
			0.9399524331092834,
			0.9399524331092834,
			0.9399524331092834
		],
		[
			1.0,
			1.0,
			1.0
		]
	]
}