{"toes_R": [0.9637603759765625, -0.2667695879936218, -3.0025425701296626e-08, 2.0403456701956202e-11], "pelvis": [0.9997957348823547, -7.452102934735194e-09, -0.01004522293806076, 0.017539529129862785], "index03_R": [1.0, 0.0, 0.0, 0.0], "lowerarm_L": [0.9903862476348877, 0.1383298635482788, 1.7396715179529565e-08, -7.52290407746159e-09], "middle00_R": [1.0, 0.0, 0.0, 0.0], "ring01_L": [0.9979537129402161, -0.06394054740667343, 1.3998479042598433e-09, -7.46585815392109e-09], "middle02_R": [0.8197233080863953, -0.572759747505188, -6.816856856772802e-09, -6.135169883236813e-08], "ring03_R": [0.9632020592689514, -0.26877838373184204, -7.735220464155645e-09, 1.9338042278604917e-09], "middle03_L": [0.9810287952423096, -0.19386202096939087, 7.594660900167582e-09, 1.1391992238429793e-08], "pinky02_L": [0.8744106888771057, -0.48518654704093933, -5.964481175624314e-08, -4.6863799951779583e-08], "ring02_R": [0.7839750647544861, -0.6207923889160156, 3.5638492157374912e-09, 2.375898411344224e-08], "clavicle_R": [1.0, 0.0, 0.0, 0.0], "lowerarm_R": [1.0, 0.0, 0.0, 0.0], "index01_R": [0.9965572953224182, -0.08290765434503555, -4.205430670367605e-09, -1.1214479123111687e-08], "calf_R": [0.9757497310638428, -0.2188892960548401, 1.8515137867325393e-08, 3.455060948454047e-08], "middle00_L": [1.0, 0.0, 0.0, -0.0], "root": [1.0, 0.0, 0.0, 0.0], "upperarm_R": [0.8722870945930481, -0.010906442999839783, 0.002438450464978814, 0.48886653780937195], "ring01_R": [0.9979537129402161, -0.06394054740667343, -1.3998479042598433e-09, 7.46585815392109e-09], "ring00_L": [1.0, 0.0, 0.0, -0.0], "head": [0.9759259223937988, 0.08038266748189926, 0.20261140167713165, -0.0074797035194933414], "ring02_L": [0.7839750051498413, -0.6207923889160156, -3.5638487716482814e-09, -2.3758985889799078e-08], "thumb02_L": [0.969880998134613, -0.22590595483779907, 0.09008646011352539, -0.013483339920639992], "thumb03_R": [1.0, 0.0, 0.0, 0.0], "foot_L": [0.9594635963439941, -0.278919517993927, 0.03881317377090454, -0.011283138766884804], "thumb03_L": [1.0, 0.0, 0.0, -0.0], "neck": [0.9913313388824463, 0.003825574181973934, 0.12794236838817596, -0.029641572386026382], "spine01": [0.9871411919593811, 0.05364830791950226, -0.010252787731587887, 0.15023070573806763], "pinky00_R": [1.0, 0.0, 0.0, 0.0], "calf_L": [0.9969124794006348, -0.05144656077027321, 0.059240397065877914, -0.0030571629758924246], "ring03_L": [0.9632020592689514, -0.26877838373184204, 7.735220464155645e-09, -1.9338042278604917e-09], "ring00_R": [1.0, 0.0, 0.0, 0.0], "spine02": [0.9952989220619202, -0.09416497498750687, 0.021267635747790337, 0.007813842035830021], "thumb02_R": [0.9698810577392578, -0.22590592503547668, -0.0900864526629448, 0.013483340851962566], "hand_R": [1.0, 0.0, 0.0, 0.0], "spine03": [0.9877049922943115, -0.0537232831120491, 0.007973416708409786, -0.1465916484594345], "upperarm_L": [0.8443548679351807, -0.23493321239948273, -0.1809375286102295, -0.44624340534210205], "thigh_R": [0.9807888865470886, -0.005456504411995411, -0.19293811917304993, -0.02825976349413395], "thumb01_L": [0.993423581123352, -0.09226108342409134, 0.006270094774663448, 0.0675135999917984], "clavicle_L": [0.9879396557807922, -0.14805173873901367, 0.03047405183315277, 0.033579155802726746], "index02_R": [0.8600889444351196, -0.5101442337036133, -6.624387083320471e-08, -1.392051895976465e-08], "middle03_R": [0.9810289144515991, -0.19386205077171326, -7.594661788346002e-09, -1.1391994014786633e-08], "middle01_R": [0.9954456090927124, -0.09533113241195679, -2.1986215514857577e-08, -7.484668884671919e-09], "middle02_L": [0.8197233080863953, -0.572759747505188, 6.816856412683592e-09, 6.135169883236813e-08], "foot_R": [0.9824708700180054, -0.18641673028469086, 1.042733188683087e-08, 2.1328638855067084e-09], "pinky00_L": [1.0, 0.0, 0.0, -0.0], "thigh_L": [0.9937583804130554, 0.08943796157836914, 0.05950856953859329, -0.030069010332226753], "index00_L": [1.0, 0.0, 0.0, -0.0], "middle01_L": [0.9954456090927124, -0.09533113986253738, 2.1986215514857577e-08, 7.484668884671919e-09], "pinky01_R": [0.9838781356811523, -0.17884087562561035, 1.4327238950784249e-08, 6.684252262800783e-09], "pinky03_R": [0.9876525402069092, -0.1566602885723114, 1.1368920027621243e-08, 1.919553582752087e-08], "toes_L": [0.9775299429893494, 0.21079681813716888, 1.3338229187809247e-08, -1.905460900175626e-09], "hand_L": [1.0, 0.0, 0.0, -0.0], "pinky03_L": [0.9876525402069092, -0.1566602885723114, -1.1368920027621243e-08, -1.919553405116403e-08], "index02_L": [0.8600888252258301, -0.5101442933082581, 6.624387083320471e-08, 1.3920525177013587e-08], "index01_L": [0.9965572357177734, -0.08290765434503555, 4.205431114456815e-09, 1.1214479123111687e-08], "thumb01_R": [0.9934237003326416, -0.09226106852293015, -0.006270095240324736, -0.0675135925412178], "pinky01_L": [0.9838780164718628, -0.17884086072444916, -1.432723717442741e-08, -6.684251374622363e-09], "index03_L": [1.0, 0.0, 0.0, -0.0], "pinky02_R": [0.8744106888771057, -0.48518651723861694, 5.964481175624314e-08, 4.6863796399065905e-08], "index00_R": [1.0, 0.0, 0.0, 0.0]}