{"hand_R": [1.0, 0.0, 0.0, -0.0], "index00_L": [1.0, 0.0, 0.0, 0.0], "thigh_L": [0.9974778890609741, -0.00018281216034665704, -0.0023529911413788795, -0.07093829661607742], "ring00_R": [1.0, 0.0, 0.0, -0.0], "index01_R": [1.0, 0.0, 0.0, -0.0], "upperarm_R": [0.9928100109100342, 0.0017334476578980684, 0.0013458249159157276, -0.11968046426773071], "pinky03_L": [1.0, 0.0, 0.0, 0.0], "pinky02_R": [1.0, 0.0, 0.0, -0.0], "foot_R": [0.9946081042289734, 0.004870180040597916, -0.09026294946670532, -0.050829630345106125], "index03_L": [1.0, 0.0, 0.0, 0.0], "pinky01_L": [1.0, 0.0, 0.0, 0.0], "middle03_L": [1.0, 0.0, 0.0, 0.0], "pinky02_L": [1.0, 0.0, 0.0, 0.0], "foot_L": [0.9946081042289734, 0.004870180040597916, 0.09026294946670532, 0.050829630345106125], "ring02_L": [1.0, 0.0, 0.0, 0.0], "clavicle_L": [0.9913429617881775, -0.0024424907751381397, -0.007145082112401724, 0.13108056783676147], "spine02": [1.0, 0.0, 0.0, 0.0], "toes_R": [1.0, 0.0, 0.0, -0.0], "index00_R": [1.0, 0.0, 0.0, -0.0], "spine01": [1.0, 0.0, 0.0, 0.0], "head": [1.0, 0.0, 0.0, 0.0], "index01_L": [1.0, 0.0, 0.0, 0.0], "calf_R": [1.0, 0.0, 0.0, -0.0], "toes_L": [1.0, 0.0, 0.0, 0.0], "thumb03_R": [1.0, 0.0, 0.0, -0.0], "middle00_L": [1.0, 0.0, 0.0, 0.0], "pinky03_R": [1.0, 0.0, 0.0, -0.0], "calf_L": [1.0, 0.0, 0.0, 0.0], "index02_L": [1.0, 0.0, 0.0, 0.0], "thumb02_L": [1.0, 0.0, 0.0, 0.0], "root": [1.0, 0.0, -0.0, 0.0], "ring01_L": [1.0, 0.0, 0.0, 0.0], "middle01_R": [1.0, 0.0, 0.0, -0.0], "index03_R": [1.0, 0.0, 0.0, -0.0], "thumb01_L": [1.0, 0.0, 0.0, 0.0], "pinky00_L": [1.0, 0.0, 0.0, 0.0], "middle02_L": [1.0, 0.0, 0.0, 0.0], "ring02_R": [1.0, 0.0, 0.0, -0.0], "pinky01_R": [1.0, 0.0, 0.0, -0.0], "middle03_R": [1.0, 0.0, 0.0, -0.0], "ring03_R": [1.0, 0.0, 0.0, -0.0], "pelvis": [1.0, 0.0, 0.0, 0.0], "thumb02_R": [1.0, 0.0, 0.0, -0.0], "lowerarm_L": [1.0, 0.0, 0.0, 0.0], "thigh_R": [0.9974778890609741, -0.00018281217489857227, 0.002352991374209523, 0.07093829661607742], "clavicle_R": [0.9913429021835327, -0.0024424907751381397, 0.007145082112401724, -0.13108056783676147], "index02_R": [1.0, 0.0, 0.0, -0.0], "upperarm_L": [0.992810070514679, 0.0017334474250674248, -0.0013458249159157276, 0.11968045681715012], "pinky00_R": [1.0, 0.0, 0.0, -0.0], "middle02_R": [1.0, 0.0, 0.0, -0.0], "ring00_L": [1.0, 0.0, 0.0, 0.0], "spine03": [1.0, 0.0, 0.0, 0.0], "hand_L": [1.0, 0.0, 0.0, 0.0], "thumb01_R": [1.0, 0.0, 0.0, -0.0], "ring03_L": [1.0, 0.0, 0.0, 0.0], "ring01_R": [1.0, 0.0, 0.0, -0.0], "neck": [1.0, 0.0, 0.0, 0.0], "middle00_R": [1.0, 0.0, 0.0, -0.0], "lowerarm_R": [1.0, 0.0, 0.0, -0.0], "middle01_L": [1.0, 0.0, 0.0, 0.0], "thumb03_L": [1.0, 0.0, 0.0, 0.0]}