{"index02_R": [0.9748390913009644, -0.2229098528623581, -2.2928649201503504e-08, 1.5285767318573562e-08], "ring00_L": [1.0, 0.0, 0.0, 0.0], "ring00_R": [1.0, 0.0, 0.0, -0.0], "middle01_R": [1.0, 0.0, 0.0, -0.0], "index01_L": [1.0, 0.0, 0.0, 0.0], "middle02_R": [0.9533689022064209, -0.30180737376213074, -8.881784197001252e-16, -4.4936268039919014e-08], "thumb03_R": [1.0, 0.0, 0.0, -0.0], "middle00_L": [1.0, 0.0, 0.0, 0.0], "ring02_R": [0.9356385469436646, -0.35295969247817993, 2.3889290545753283e-08, 1.1944643496519802e-08], "lowerarm_L": [0.9999933838844299, -0.003655731678009033, -5.8778351075261526e-08, -1.8049615135851127e-09], "thumb03_L": [1.0, 0.0, 0.0, 0.0], "upperarm_R": [0.7630026340484619, 0.4624146819114685, 0.3448401987552643, 0.29169344902038574], "middle00_R": [1.0, 0.0, 0.0, 0.0], "middle02_L": [0.9533690214157104, -0.3018074333667755, 9.316210454989038e-16, 4.493627514534637e-08], "ring02_L": [0.9356385469436646, -0.35295969247817993, -2.3889290545753283e-08, -1.1944643496519802e-08], "pinky00_R": [1.0, 0.0, 0.0, -0.0], "thumb02_R": [0.9796266555786133, -0.12693628668785095, -0.09133819490671158, -0.12600089609622955], "middle03_L": [0.9983649253845215, -0.05716174840927124, -8.896329870287977e-16, 0.0], "pinky03_R": [1.0, 0.0, 0.0, -0.0], "thigh_R": [0.9834412932395935, 0.0172395221889019, 0.13422495126724243, -0.12053965777158737], "toes_L": [0.95496666431427, 0.2953752279281616, 0.011235687881708145, 0.025805937126278877], "thumb02_L": [0.9796266555786133, -0.12693627178668976, 0.09133819490671158, 0.12600088119506836], "spine02": [1.0, 0.0, 0.0, 0.0], "calf_R": [0.9981279969215393, -0.06115996092557907, 6.181585021636238e-09, -2.239366025946765e-08], "middle01_L": [1.0, 0.0, 0.0, 0.0], "spine01": [0.9914965629577637, 4.5086874678190725e-08, 0.05794936418533325, 0.11651796847581863], "ring01_L": [1.0, 0.0, 0.0, 0.0], "calf_L": [1.0, 0.0, 0.0, 0.0], "pinky02_L": [1.0, 0.0, 0.0, 0.0], "head": [0.9927932620048523, 0.004169737920165062, -0.11317162215709686, -0.039196889847517014], "thumb01_R": [1.0, 0.0, 0.0, -0.0], "neck": [1.0, 0.0, 0.0, 0.0], "index00_L": [1.0, 0.0, 0.0, 0.0], "pinky01_L": [1.0, 0.0, 0.0, 0.0], "ring01_R": [1.0, 0.0, 0.0, -0.0], "pinky01_R": [1.0, 0.0, 0.0, -0.0], "index02_L": [0.9748391509056091, -0.22290989756584167, 2.2928652754217183e-08, -1.5285767318573562e-08], "middle03_R": [0.9983649253845215, -0.05716174840927124, 8.896329870287977e-16, 0.0], "index03_L": [1.0, 0.0, 0.0, 0.0], "index00_R": [1.0, 0.0, 0.0, -0.0], "ring03_L": [0.9993259906768799, -0.03670860454440117, -7.455605910422491e-09, -1.4911210044488143e-08], "toes_R": [0.982734739780426, -0.18502065539360046, 6.254719409071186e-08, -5.686108917046795e-09], "lowerarm_R": [0.5779156684875488, 0.8160966038703918, 5.5701399048757594e-08, 3.8087797804564616e-08], "ring03_R": [0.9993259906768799, -0.03670860081911087, 7.455605910422491e-09, 1.4911210044488143e-08], "index03_R": [1.0, 0.0, 0.0, -0.0], "clavicle_L": [0.9969030618667603, -0.07864062488079071, 1.6348774556362855e-09, 7.473727414719633e-09], "clavicle_R": [1.0, 0.0, 0.0, 0.0], "root": [1.0, 0.0, 0.0, 0.0], "foot_L": [0.9173485636711121, -0.3975236117839813, -0.008582591079175472, -0.019319772720336914], "pinky03_L": [1.0, 0.0, 0.0, 0.0], "upperarm_L": [0.9033998250961304, -2.6638513617172066e-08, 3.102389811715511e-08, -0.42879918217658997], "pelvis": [0.9985625147819519, 5.736364983022213e-08, -0.026404911652207375, 0.046645231544971466], "pinky00_L": [1.0, 0.0, 0.0, 0.0], "thigh_L": [0.9702990055084229, -0.00916217640042305, -0.23889221251010895, -0.03696873039007187], "spine03": [0.9810387492179871, 0.016178572550415993, 0.12791568040847778, -0.14470268785953522], "hand_L": [0.9784675240516663, -1.815448045190747e-15, -0.20640107989311218, 3.807270498867865e-09], "foot_R": [0.9037018418312073, -0.37688565254211426, 0.18752121925354004, -0.07820503413677216], "pinky02_R": [1.0, 0.0, 0.0, -0.0], "thumb01_L": [1.0, 0.0, 0.0, 0.0], "index01_R": [1.0, 0.0, 0.0, -0.0], "hand_R": [0.9928061366081238, 0.11973293125629425, 1.313299424765546e-08, 8.946141760333634e-16]}