{"root": [1.0, 0.0, 0.0, 0.0], "pinky03_R": [1.0, 0.0, 0.0, 0.0], "hand_R": [0.9949615597724915, 0.09602773189544678, 0.011881345883011818, -0.026249831542372704], "hand_L": [0.6962641477584839, 0.5024016499519348, 0.41572272777557373, -0.29997220635414124], "middle03_L": [1.0, 0.0, 0.0, 0.0], "pinky02_R": [0.9363007545471191, -0.35119953751564026, 2.8597145984576855e-08, -9.94683446720046e-10], "pinky02_L": [0.9050025939941406, -0.4254061281681061, 1.7687360465146185e-09, -4.939597531006257e-08], "index00_R": [1.0, 0.0, 0.0, 0.0], "ring02_R": [0.9532054662704468, -0.30232396721839905, 1.542619365579867e-08, 7.421981251809484e-09], "middle03_R": [1.0, 0.0, 0.0, 0.0], "thumb01_R": [1.0, 0.0, 0.0, 0.0], "ring00_R": [1.0, 0.0, 0.0, 0.0], "foot_R": [0.9926155209541321, -0.039724551141262054, -0.11277948319911957, -0.02042783424258232], "calf_R": [0.99824458360672, 0.05922611802816391, 1.539384619775319e-08, 1.1195523619278447e-08], "middle01_R": [1.0, 0.0, 0.0, 0.0], "foot_L": [0.9948278069496155, 0.06577373296022415, 0.07112383842468262, 0.03054562211036682], "index03_L": [1.0, 0.0, 0.0, 0.0], "ring02_L": [0.9524328112602234, -0.3047488033771515, -1.9556711805535087e-09, -1.1734027971499472e-08], "lowerarm_L": [0.6713243126869202, 0.7254472970962524, 0.09858769178390503, 0.11545795947313309], "thumb03_R": [0.9962180256843567, 0.07489117234945297, -0.04082097113132477, 0.016572298482060432], "ring00_L": [1.0, 0.0, 0.0, 0.0], "thigh_L": [0.9767413139343262, -0.20169921219348907, -0.053656645119190216, -0.049142803996801376], "spine01": [0.9559450149536133, -0.27132144570350647, -0.024162422865629196, -0.10940869152545929], "middle02_R": [0.991852879524231, -0.12738855183124542, 4.4601193849302945e-09, 6.5728080755889096e-09], "toes_L": [1.0, 0.0, 0.0, 0.0], "clavicle_L": [0.9930315017700195, 0.01590905711054802, 0.025819407775998116, 0.11388029158115387], "calf_L": [0.9990130662918091, 0.044418320059776306, 4.195092273562295e-09, -5.593455920660517e-09], "ring01_R": [1.0, 0.0, 0.0, 0.0], "neck": [0.9886726140975952, 0.14024075865745544, 0.05294279754161835, -0.007509819231927395], "upperarm_L": [0.7438656687736511, -0.06442973762750626, 0.5825226902961731, -0.3212173283100128], "ring03_R": [1.0, 0.0, 0.0, 0.0], "spine03": [0.9806681275367737, -0.07585640996694565, -0.15247377753257751, 0.09637472778558731], "ring01_L": [0.9829962253570557, -0.18362587690353394, -3.126526948449282e-08, -7.579459726514415e-09], "pelvis": [0.8990209698677063, -2.07186001688342e-08, 0.4220406711101532, 0.11680401116609573], "thumb03_L": [1.0, 0.0, 0.0, 0.0], "pinky01_L": [0.9838148355484009, -0.17918851971626282, -9.466443628980414e-09, 7.573154547912964e-09], "index03_R": [1.0, 0.0, 0.0, 0.0], "index01_R": [1.0, 0.0, 0.0, 0.0], "head": [0.9878145456314087, 0.02640310488641262, 0.004202375654131174, -0.15332286059856415], "pinky00_L": [1.0, 0.0, 0.0, 0.0], "toes_R": [1.0, 0.0, 0.0, 0.0], "ring03_L": [1.0, 0.0, 0.0, 0.0], "thigh_R": [0.9188660383224487, -0.05116591975092888, 0.38993918895721436, 0.031859252601861954], "spine02": [0.9799032807350159, 0.1994733214378357, -1.2769618251695647e-08, -8.252055927471247e-09], "pinky00_R": [1.0, 0.0, 0.0, 0.0], "thumb01_L": [1.0, 0.0, 0.0, 0.0], "middle00_L": [1.0, 0.0, 0.0, 0.0], "index01_L": [1.0, 0.0, 0.0, 0.0], "middle02_L": [0.9938610792160034, -0.11063525080680847, -1.8741503904351475e-09, 1.499320312348118e-08], "lowerarm_R": [0.943412184715271, 0.08009379357099533, -0.3187805712223053, 0.04401722550392151], "middle01_L": [0.9889605045318604, -0.14817942678928375, 4.7085930710011326e-09, 3.766874812072274e-09], "middle00_R": [1.0, 0.0, 0.0, 0.0], "upperarm_R": [0.9483796954154968, -0.07483719289302826, -0.0699976310133934, 0.30012649297714233], "clavicle_R": [0.9996981620788574, -0.006080279126763344, -0.005135901737958193, 0.02324352227151394], "index02_L": [1.0, 0.0, 0.0, 0.0], "pinky01_R": [1.0, 0.0, 0.0, 0.0], "pinky03_L": [1.0, 0.0, 0.0, 0.0], "thumb02_L": [1.0, 0.0, 0.0, 0.0], "index02_R": [0.9686064720153809, -0.24859918653964996, 1.8028272208425733e-08, 1.923015879867762e-08], "index00_L": [1.0, 0.0, 0.0, 0.0], "thumb02_R": [0.9565127491950989, -0.2547905147075653, 0.0744992345571518, -0.12089255452156067]}