{"ring03_R": [0.7496492862701416, -0.6618353128433228, -1.5529305841255336e-08, -1.95669240810048e-08], "thumb02_L": [1.0, 0.0, 0.0, 0.0], "ring00_R": [0.9975212812423706, -0.07036507874727249, 9.336362793987973e-10, -5.83522841157702e-10], "thumb03_L": [0.808616578578949, -0.5883359909057617, 6.3346150547261004e-09, -2.994544345824579e-08], "root": [1.0, 0.0, 0.0, 0.0], "clavicle_L": [1.0, 0.0, 0.0, 0.0], "index01_R": [0.8572827577590942, -0.5148458480834961, 1.643481617463749e-08, 6.637990157543072e-09], "middle02_R": [0.6484989523887634, -0.7612155079841614, -3.060731756932e-08, -2.818386235503567e-08], "hand_L": [0.99549800157547, 0.09478246420621872, -9.355343166816965e-09, 3.742137266726786e-09], "neck": [1.0, 0.0, 0.0, 0.0], "calf_R": [0.9962019920349121, -1.0751042722745296e-08, 0.08707254379987717, 2.2436960733784872e-08], "ring02_R": [0.6542026996612549, -0.7563192844390869, -2.2421691170393387e-08, 1.512574776540987e-08], "middle00_R": [0.99837726354599, -0.053974371403455734, -0.002822976792231202, -0.017933428287506104], "pinky00_R": [0.9860345125198364, -0.1665412038564682, -1.650998626701039e-08, 2.215499561586398e-09], "upperarm_L": [0.9050926566123962, 1.7364044424539316e-08, -2.186583714092194e-08, -0.42521440982818604], "index03_R": [0.9090451598167419, -0.4166976511478424, -5.420657700483389e-08, -4.968261890780923e-08], "ring01_R": [0.8972036242485046, -0.44161713123321533, -1.2196830212474197e-08, -1.297522089771519e-10], "calf_L": [1.0, 0.0, 0.0, 0.0], "thumb01_R": [0.9723429679870605, -0.21892251074314117, -0.017874429002404213, -0.07938899099826813], "thumb01_L": [0.9723430871963501, -0.21892254054546356, 0.017874430865049362, 0.07938899844884872], "ring03_L": [0.7496492266654968, -0.6618353128433228, 1.5529304064898497e-08, 1.956692585736164e-08], "pinky02_L": [0.7002031207084656, -0.7139437794685364, 1.9023293162945265e-08, 5.547592607513252e-08], "ring02_L": [0.6542026400566101, -0.7563192844390869, 2.2421692946750227e-08, -1.512574776540987e-08], "index03_L": [0.9090452790260315, -0.4166976809501648, 5.420658055754757e-08, 4.968262246052291e-08], "upperarm_R": [0.9205268621444702, 5.248338208474479e-09, -7.3350263640747926e-09, 0.39067932963371277], "pelvis": [0.9911981225013733, -0.0007418249733746052, -0.09490697085857391, -0.092295803129673], "head": [0.9957030415534973, -7.482733543895392e-09, -0.09260355681180954, -1.4030124839692348e-09], "middle03_R": [0.7785607576370239, -0.6275691986083984, 7.775364352369252e-09, 1.4952623583752711e-09], "clavicle_R": [0.9990684986114502, -0.043153345584869385, 6.525335383145148e-09, 0.0], "lowerarm_L": [0.9958611130714417, 0.0908890962600708, 5.844958961276348e-10, -1.1222321738557639e-08], "thumb02_R": [1.0, 0.0, 0.0, -0.0], "ring01_L": [0.8972036242485046, -0.44161713123321533, 1.2196830212474197e-08, 1.2975252816627147e-10], "lowerarm_R": [0.9962735176086426, 0.08625040203332901, 1.8696131309781094e-09, -8.91500588798375e-16], "spine03": [0.9954791069030762, 0.0130049092695117, -0.08792813122272491, 0.03348059207201004], "pinky03_L": [0.7788847088813782, -0.6271671652793884, -3.0247800708593786e-08, 2.8809211016778136e-08], "middle03_L": [0.7785608172416687, -0.6275691986083984, -7.775364352369252e-09, -1.4952621363306662e-09], "hand_R": [1.0, 0.0, 0.0, -0.0], "foot_R": [1.0, 0.0, 0.0, 0.0], "pinky00_L": [0.986034631729126, -0.1665412038564682, 1.650998804336723e-08, -2.215500005675608e-09], "index02_R": [0.5226173400878906, -0.8525673747062683, -6.580194167327136e-08, 5.0211468760608113e-08], "middle00_L": [0.9983773827552795, -0.05397438257932663, 0.0028229770250618458, 0.017933430150151253], "toes_L": [1.0, 0.0, 0.0, 0.0], "index02_L": [0.5226173400878906, -0.8525674939155579, 6.580194877869872e-08, -5.021147231332179e-08], "middle01_L": [0.900769054889679, -0.43429842591285706, 3.101757428680685e-08, -6.461995938344955e-10], "ring00_L": [0.9975214004516602, -0.07036508619785309, -9.336365014434023e-10, 5.835229521800045e-10], "toes_R": [1.0, 0.0, 0.0, 0.0], "pinky03_R": [0.7788847088813782, -0.6271671652793884, 3.0247800708593786e-08, -2.8809212793134975e-08], "index00_R": [0.9989866614341736, -0.017793266102671623, -0.005378633737564087, -0.0409880056977272], "foot_L": [0.9984726905822754, 0.013477643951773643, -0.04674207419157028, -0.02618963085114956], "thigh_R": [0.9896560907363892, -0.03173376992344856, 0.10704195499420166, 0.09008882194757462], "pinky02_R": [0.7002030611038208, -0.7139437794685364, -1.9023291386588426e-08, -5.547593318055988e-08], "thigh_L": [0.9931896924972534, -0.02586994506418705, 0.0029419842176139355, 0.11356264352798462], "index01_L": [0.8572828769683838, -0.5148459076881409, -1.643481795099433e-08, -6.637990601632282e-09], "middle01_R": [0.900769054889679, -0.43429842591285706, -3.101757428680685e-08, 6.461995383233443e-10], "spine02": [0.9993935227394104, 0.009724567644298077, -0.0021094530820846558, 0.03337022289633751], "pinky01_R": [0.8889130353927612, -0.4580760598182678, -2.8550079633760106e-08, 3.339573950711383e-09], "thumb03_R": [0.808616578578949, -0.5883359909057617, -6.334613722458471e-09, 2.994544345824579e-08], "index00_L": [0.9989867210388184, -0.017793266102671623, 0.005378633737564087, 0.0409880056977272], "middle02_L": [0.6484990119934082, -0.7612155675888062, 3.0607314016606324e-08, 2.818386235503567e-08], "spine01": [1.0, 0.0, 0.0, 0.0], "pinky01_L": [0.888913094997406, -0.4580760896205902, 2.8550083186473785e-08, -3.339574394800593e-09]}