{"upperarm_L": [0.8734204173088074, 0.18495796620845795, -0.001044783741235733, -0.45047464966773987], "index02_L": [0.9877575039863586, -0.1464134305715561, -0.05325641855597496, -0.00789406057447195], "middle00_L": [1.0, 0.0, 0.0, 0.0], "hand_R": [1.0, 0.0, 0.0, 0.0], "calf_L": [0.7907256484031677, -0.6121707558631897, 2.2412953626371745e-07, 1.5656816287901165e-07], "pinky01_R": [0.800394594669342, -0.5994735360145569, 3.282099214629852e-08, -1.4698990469241835e-08], "head": [1.0, 0.0, 0.0, 0.0], "neck": [1.0, 0.0, 0.0, 0.0], "clavicle_R": [1.0, 0.0, 0.0, 0.0], "ring00_L": [0.9992234110832214, 0.039403099566698074, 7.456371520220273e-09, -2.7961390980379974e-09], "ring03_R": [0.8544397354125977, -0.5195505023002625, 8.719840849380489e-09, 8.283851826718092e-08], "middle01_L": [0.9095609188079834, -0.4155706763267517, -2.209425176147306e-08, 2.5009954995880435e-08], "index01_L": [0.9415432810783386, -0.3368920683860779, -1.1869735416780713e-08, 9.433219586322747e-16], "pelvis": [1.0, 0.0, 0.0, 0.0], "toes_R": [1.0, 0.0, 0.0, 0.0], "spine03": [0.9998682141304016, 0.016234993934631348, 2.6648865660152494e-15, -3.5531820880203326e-15], "pinky03_L": [0.7448148131370544, -0.6672711968421936, -1.0003265771274528e-08, -7.50244950609158e-08], "index00_L": [0.9945173859596252, -0.10457320511341095, 8.092024272876586e-10, -8.740199675116855e-09], "spine01": [1.0, 0.0, 0.0, 0.0], "index03_R": [0.9979032874107361, -0.06472255289554596, -7.729452633498113e-09, -4.7046095907887775e-09], "ring00_R": [1.0, 0.0, 0.0, -0.0], "pinky02_R": [0.8840900659561157, -0.46731650829315186, 3.2176579622955614e-08, 2.9164123560576627e-08], "toes_L": [1.0, 0.0, 0.0, 0.0], "foot_L": [0.9974141716957092, -0.07186836749315262, 1.5873530045951156e-08, 5.368988809095754e-09], "ring03_L": [0.8544397950172424, -0.5195505023002625, -8.719844402094168e-09, -8.283851116175356e-08], "pinky01_L": [0.790511965751648, -0.5920717120170593, -0.09391270577907562, -0.12538865208625793], "thumb03_R": [1.0, 0.0, 0.0, -0.0], "middle02_L": [0.9713155031204224, -0.23779484629631042, -2.6847139622532268e-08, 2.30118306632221e-08], "hand_L": [0.8801510334014893, -0.1969468593597412, 0.35442399978637695, 0.24684083461761475], "clavicle_L": [1.0, 0.0, 0.0, 0.0], "middle00_R": [1.0, 0.0, 0.0, -0.0], "thumb02_L": [0.9723992347717285, -0.23332326114177704, -1.5324120639093053e-08, -1.9155148578420267e-09], "ring01_R": [0.8602771162986755, -0.5098267197608948, 8.660675376859217e-08, -6.062472834855726e-08], "index01_R": [0.9415432810783386, -0.3368920683860779, 1.1869735416780713e-08, -8.881784197001252e-16], "ring02_R": [0.9174506068229675, -0.3978497087955475, 3.654432134680974e-08, 2.233264773110477e-08], "thumb03_L": [0.9954512715339661, -0.09527308493852615, -7.484628028464613e-09, -1.4969256056929225e-08], "middle03_L": [0.9991438984870911, -0.041370656341314316, 0.0, -2.222348697008083e-16], "ring02_L": [0.9174506068229675, -0.3978497087955475, -3.654432134680974e-08, -2.233264773110477e-08], "lowerarm_L": [0.9335677027702332, 0.35488155484199524, 0.05002058669924736, 0.0030350126326084137], "ring01_L": [0.85773766040802, -0.5083217024803162, -0.03914506733417511, -0.06605283915996552], "thigh_R": [0.7369312047958374, 0.675967812538147, 1.1453045090092928e-07, 8.751716507049423e-08], "index03_L": [0.9979033470153809, -0.06472254544496536, 7.729451745319693e-09, 4.7046095907887775e-09], "pinky02_L": [0.8840900659561157, -0.46731650829315186, -3.2176579622955614e-08, -2.9164123560576627e-08], "pinky00_R": [1.0, 0.0, 0.0, -0.0], "thumb02_R": [0.9471476078033447, -0.2968616783618927, -0.03636576235294342, -0.11602634936571121], "spine02": [0.9994605779647827, 0.032842859625816345, -2.221644600870678e-15, -9.108742440053306e-15], "middle03_R": [0.9991438388824463, -0.041370660066604614, -8.271806125530277e-25, 2.222348697008083e-16], "index02_R": [0.9877573251724243, -0.1464134156703949, 0.05325641483068466, 0.00789406057447195], "thigh_L": [0.7517279982566833, 0.6594734787940979, -1.6072287678525754e-07, -1.4861988972825202e-07], "lowerarm_R": [0.9991182684898376, 0.0026262179017066956, -0.02642722800374031, 0.03252050653100014], "thumb01_R": [1.0, 0.0, 0.0, -0.0], "pinky00_L": [0.9960143566131592, 0.08919327706098557, 2.2441184910348966e-08, 0.0], "root": [1.0, 0.0, 0.0, 0.0], "index00_R": [0.9966240525245667, -0.0821002647280693, -3.7379095374490134e-09, -9.344776064068583e-10], "upperarm_R": [0.892755389213562, 0.1453552544116974, -0.00615604966878891, 0.4264054298400879], "middle01_R": [0.9095609188079834, -0.4155706763267517, 2.20942535378299e-08, -2.5009956772237274e-08], "pinky03_R": [0.7448148131370544, -0.6672711968421936, 1.0003265771274528e-08, 7.502448795548844e-08], "foot_R": [1.0, 0.0, 0.0, 0.0], "middle02_R": [0.9713153839111328, -0.23779480159282684, 2.684713429346175e-08, -2.301182533415158e-08], "thumb01_L": [1.0, 0.0, 0.0, 0.0], "calf_R": [0.6883264183998108, -0.7254011034965515, -1.0993324650598879e-07, -1.2194132636977884e-07]}