{"upperarm_L": [0.9121457934379578, 0.17316508293151855, -0.18667609989643097, -0.32117974758148193], "index02_L": [0.9676914215087891, -0.25213754177093506, -2.3098001733501405e-08, -8.421138786296467e-10], "middle00_L": [1.0, 0.0, 0.0, 0.0], "hand_R": [0.9225500822067261, 0.2668675482273102, 0.2774256765842438, 0.026795722544193268], "calf_L": [0.24128010869026184, -0.9047921895980835, -0.16826936602592468, -0.3079303205013275], "pinky01_R": [0.9699268937110901, -0.2412647157907486, 0.007759513333439827, 0.031194519251585007], "head": [1.0, 0.0, 0.0, 0.0], "neck": [1.0, 0.0, 0.0, 0.0], "clavicle_R": [1.0, 0.0, 0.0, 0.0], "ring00_L": [1.0, 0.0, 0.0, 0.0], "ring03_R": [0.9653907418251038, -0.26080790162086487, 3.858843022896963e-09, -7.717686045793926e-09], "middle01_L": [0.9425225257873535, -0.33340051770210266, 0.007426970172673464, 0.020996198058128357], "index01_L": [0.9888768196105957, -0.1487368792295456, -2.2603160232392838e-08, 9.41798528053539e-10], "pelvis": [1.0, 0.0, 0.0, 0.0], "toes_R": [1.0, 0.0, 0.0, 0.0], "spine03": [1.0, 0.0, 0.0, 0.0], "pinky03_L": [0.8658188581466675, -0.5003577470779419, 4.0532256662118016e-08, 1.0420303730995784e-08], "index00_L": [1.0, 0.0, 0.0, 0.0], "spine01": [0.9990598559379578, 0.04335344210267067, -7.72331146519506e-14, -2.041963220733578e-08], "index03_R": [0.9982457160949707, -0.05920751392841339, -7.463672346830208e-09, 0.0], "ring00_R": [1.0, 0.0, 0.0, -0.0], "pinky02_R": [0.91201251745224, -0.41016241908073425, 2.4508153728675097e-08, 1.1232905272606786e-08], "toes_L": [1.0, 0.0, 0.0, 0.0], "foot_L": [0.9528588652610779, -0.3011530935764313, 0.000598353217355907, 0.036969348788261414], "ring03_L": [0.9653907418251038, -0.26080790162086487, -3.858842578807753e-09, 7.717685157615506e-09], "pinky01_L": [0.9699268341064453, -0.2412647157907486, -0.007759513799101114, -0.031194519251585007], "thumb03_R": [0.9958436489105225, -0.09107916057109833, -7.481677499754369e-09, 9.790476873661191e-09], "middle02_L": [0.937299907207489, -0.3485240340232849, -1.060471888081338e-08, 2.3501200985265314e-09], "hand_L": [0.9225502014160156, 0.26686757802963257, -0.27742573618888855, -0.026795722544193268], "clavicle_L": [1.0, 0.0, 0.0, 0.0], "middle00_R": [1.0, 0.0, 0.0, -0.0], "thumb02_L": [0.9904686212539673, -0.12880897521972656, -0.00629193102940917, -0.04838143661618233], "ring01_R": [0.9537948966026306, -0.30045852065086365, 3.8049442707688286e-08, 7.013714053982767e-10], "index01_R": [0.9888768196105957, -0.1487368792295456, 2.2603162008749678e-08, -9.417981949866316e-10], "ring02_R": [0.9311352968215942, -0.364673912525177, 2.563271905842157e-08, -7.641042465422743e-09], "thumb03_L": [0.9958436489105225, -0.09107916057109833, 7.481677499754369e-09, -9.790476873661191e-09], "middle03_L": [0.97478848695755, -0.2231309413909912, -7.643278898683548e-09, -3.821641225698613e-09], "ring02_L": [0.931135356426239, -0.364673912525177, -2.5632717282064732e-08, 7.641041577244323e-09], "lowerarm_L": [0.9596264958381653, 0.07209186255931854, -0.27185511589050293, 0.003877736162394285], "ring01_L": [0.9537949562072754, -0.30045849084854126, -3.8049442707688286e-08, -7.013696290414373e-10], "thigh_R": [0.647099494934082, 0.6264852285385132, 0.43448206782341003, -0.0020930878818035126], "index03_L": [0.9982457160949707, -0.05920751392841339, 7.463672346830208e-09, 0.0], "pinky02_L": [0.91201251745224, -0.41016238927841187, -2.4508153728675097e-08, -1.1232904384428366e-08], "pinky00_R": [1.0, 0.0, 0.0, -0.0], "thumb02_R": [0.9904685020446777, -0.12880899012088776, 0.006291928701102734, 0.048381444066762924], "spine02": [1.0, 0.0, 0.0, 0.0], "middle03_R": [0.97478848695755, -0.22313092648983002, 7.643278898683548e-09, 3.821640781609403e-09], "index02_R": [0.9676914215087891, -0.25213754177093506, 2.3098001733501405e-08, 8.421139341407979e-10], "thigh_L": [0.6294825077056885, 0.6212314963340759, -0.46596550941467285, 0.026454821228981018], "lowerarm_R": [0.9574885964393616, 0.09641329199075699, 0.2716692388057709, -0.010773162357509136], "thumb01_R": [0.966188371181488, -0.2578372359275818, 1.5422624954908315e-08, 3.084524990981663e-08], "pinky00_L": [1.0, 0.0, 0.0, 0.0], "root": [0.9971517324447632, -0.07542305439710617, -5.745115483606761e-14, 9.551108348659909e-08], "index00_R": [1.0, 0.0, 0.0, -0.0], "upperarm_R": [0.8960688710212708, 0.18173442780971527, 0.17834432423114777, 0.3636299669742584], "middle01_R": [0.9425222277641296, -0.3334004282951355, -0.007426968310028315, -0.02099619433283806], "pinky03_R": [0.8658187985420227, -0.5003576874732971, -4.053225310940434e-08, -1.0420300178282105e-08], "foot_R": [0.9500364661216736, -0.1713102012872696, 0.04630373790860176, 0.25678735971450806], "middle02_R": [0.9372998476028442, -0.3485240340232849, 1.06047197689918e-08, -2.3501200985265314e-09], "thumb01_L": [0.966188371181488, -0.2578372359275818, -1.5422624954908315e-08, -3.084524990981663e-08], "calf_R": [0.21495093405246735, -0.9307481050491333, 0.10476092249155045, 0.2766396999359131]}